<?xml version="1.0" encoding="ISO-8859-1"?>

<?pcbinfo name="S-101_0.8_ENC Product Specification_NewSyms" fieldOfApplication="WithNewSyms" scope="Testing" versionDate="2014-07-01T18:56:34+0000" user="Test User" organization="IHO-Test"?>
<portrayalCatalog xmlns:xsl="http://www.w3.org/2001/XMLSchema" productId="S-111" version="1.0">
  <pixmaps/>
  <colorProfiles>
    <colorProfile id="sample1">
      <description>
        <name>sample1</name>
        <description>color profile with day colors for testing</description>
        <language>en</language>
      </description>
      <fileName>colorProfile.xml</fileName>
      <fileType>ColorProfile</fileType>
      <fileFormat>XML</fileFormat>
    </colorProfile>
  </colorProfiles>
  <symbols>
    <symbol id="WAYPNT01">
      <description>
        <name>WAYPNT01</name>
        <description>symbol for airport as a point</description>
        <language>en</language>
      </description>
      <fileName>WAYPNT01.svg</fileName>
      <fileType>Symbol</fileType>
      <fileFormat>SVG</fileFormat>
    </symbol>
  </symbols>
  <lineStyles/>
  <areaFills/>
  <font/>
  <viewingGroups/>
  <foundationMode/>
  <viewingGroupLayers/>
  <displayModes/>
  <displayPlane/>
  <context/>
  <rules>
    <ruleFile id="1">
      <description>
        <name>attributeRules</name>
        <description>attribute Rules</description>
        <language>en</language>
      </description>
      <fileName>attributeRules.xsl</fileName>
      <fileType>Rule</fileType>
      <fileFormat>XSLT</fileFormat>
      <ruleType>SubTemplate</ruleType>
    </ruleFile>
    <ruleFile id="2">
      <description>
        <name>Leg</name>
        <description>Leg</description>
        <language>en</language>
      </description>
      <fileName>Leg.xsl</fileName>
      <fileType>Rule</fileType>
      <fileFormat>XSLT</fileFormat>
      <ruleType>SubTemplate</ruleType>
    </ruleFile>
    <ruleFile id="3">
      <description>
        <name>simpleLineStyle</name>
        <description>simpleLineStyle</description>
        <language>en</language>
      </description>
      <fileName>simpleLineStyle.xsl</fileName>
      <fileType>Rule</fileType>
      <fileFormat>XSLT</fileFormat>
      <ruleType>SubTemplate</ruleType>
    </ruleFile>
    <ruleFile id="4">
      <description>
        <name>textStyle</name>
        <description>text Style</description>
        <language>en</language>
      </description>
      <fileName>textStyle.xsl</fileName>
      <fileType>Rule</fileType>
      <fileFormat>XSLT</fileFormat>
      <ruleType>SubTemplate</ruleType>
    </ruleFile>
    <ruleFile id="5">
      <description>
        <name>Waypoint</name>
        <description>Waypoint</description>
        <language>en</language>
      </description>
      <fileName>Waypoint.xsl</fileName>
      <fileType>Rule</fileType>
      <fileFormat>XSLT</fileFormat>
      <ruleType>SubTemplate</ruleType>
    </ruleFile>
    <ruleFile id="6">
      <description>
        <name>main</name>
        <description>main</description>
        <language>en</language>
      </description>
      <fileName>main.xsl</fileName>
      <fileType>Rule</fileType>
      <fileFormat>XSLT</fileFormat>
      <ruleType>TopLevelTemplate</ruleType>
    </ruleFile>
  </rules>
</portrayalCatalog>