<?xml version="1.0" encoding="UTF-8"?>
<?S100lineage source="S52Preslib4.0" format="S100Ed2" version="0.1" creationDate="2015-03-13"?>
<?S100Meta name="CONVBO01" exposition="boundary of an ESSA or PSSA"?>
<lineStyle>
	<intervalLength>16</intervalLength>
    <pen width="0.32">
        <color>CHRED</color>
    </pen>
    <dash>
        <start>0</start>
        <length>8</length>
    </dash>    
    <symbol reference="ITCZMI01">
        <position>12</position>
    </symbol>
</lineStyle>