<?xml version="1.0" encoding="UTF-8"?>
<?S100lineage source="S52Preslib4.0" format="S100Ed2" version="0.1" creationDate="2015-03-13"?>
<?S100Meta name="CONVBO06" exposition="boundary of an ESSA or PSSA"?>
<lineStyle>
  <intervalLength>16</intervalLength>
  <pen width="0.32">
    <color>PLRTE</color>
  </pen>
  <dash>
    <start>1</start>
    <length>5</length>
  </dash>
  <symbol reference="CONVBO07">
    <position>9</position>
  </symbol>
  <symbol reference="CONVBO07">
    <position>13</position>
  </symbol>
</lineStyle>