<?xml version="1.0" encoding="UTF-8"?>
<?S100lineage source="S52Preslib4.0" format="S100Ed2" version="0.1" creationDate="2015-03-13"?>
<?S100Meta name="FRONTS02" exposition="boundary of an area where anchoring is prohibited or restricted"?>
<lineStyle offset="0">
    <intervalLength>16</intervalLength>
    <pen width="0.32">
        <color>PLRTE</color>
    </pen>
  <dash>
    <start>0</start>
    <length>16</length>
  </dash>
    <symbol reference="SMCIRC7">
        <position>12</position>
    </symbol>
</lineStyle>